2104,perflutren
1834,monobenzone
2684,tobramycin
3051,butamben
3103,citrulline
3347,methionine
3524,resorcinol
3578,tafenoquine
3592,tetrofosmin
4140,nadide
4148,epicriptine
4138,gentian violet
4280,tocofersolan
4666,betiatide
4610,sucrose
4608,trypan blue
4607,ubidecarenone
4612,protocatechualdehyde
4617,lycopene
4620,diacetyl benzoyl lathyrol
4613,polydatin
4665,brilliant green
4650,dimyristoylphosphatidylglycerol
4661,creatine
4677,omacetaxine mepesuccinate
632,cyclacillin
5298,sarecycline
5299,omadacycline
5410,clascoterone
5470,difelikefalin
279,aztreonam
4061,timolol
826,dexamethasone acetate
1392,hydroflumethiazide
465,calcipotriene
1009,enflurane
1740,metharbital
520,carteolol
1662,medrysone
1613,loxapine
150,amcinonide
341,bepotastine
566,cefuroxime axetil
605,chloroprocaine
957,doxercalciferol
1247,fosphenytoin
1349,ulobetasol propionate
1611,loteprednol etabonate
1933,nilutamide
2066,paricalcitol
2713,tranexamic acid
3016,oxybuprocaine
4113,prasugrel
4180,fidaxomicin
4493,alclometasone dipropionate
4470,fosaprepitant
5010,lumacaftor
5027,rolapitant
5300,talazoparib tosylate
5376,remdesivir
3097,choline
375,bisacodyl
3658,xylometazoline
1736,methanthelinium
1116,etretinate
3070,articaine
4166,ulipristal
2130,phenindione
1710,mesalazine
2786,tyrosine
2144,phenylalanine
4619,levomenol
186,amodiaquine
195,amfetamine
4128,valine
2523,sulfaphenazole
875,diethylstilbestrol
880,diflunisal
2036,oxyphenbutazone
4,levobupivacaine
30,methoxsalen
5302,lorlatinib
1780,metixene
1771,methylprednisolone succinate
2434,sertaconazole
2474,spirapril
2658,tienilic acid
2768,trolamine
2820,viloxazine
2835,nicotinic acid
2959,lypressin
2878,ziconotide
5442,trilaciclib
4186,icatibant
4187,crizotinib
5467,belumosudil
4192,tafamidis
4226,ingenol mebutate
4305,avanafil
4329,pasireotide
4359,bosutinib
4484,aclidinium bromide
4653,chloramphenicol succinate
4836,afamelanotide
4866,ceritinib
5440,cabotegravir
5280,fostamatinib
5296,duvelisib
5353,zanubrutinib
5392,capmatinib
5412,pralsetinib
5424,tepotinib
916,diphenhydramine
5429,gallium (68Ga) gozetotide
5431,tirbanibulin
5471,mobocertinib
5504,abrocitinib
5506,mitapivat
5511,mavacamten
39,acarbose
5521,tapinarof
35,abarelix
78,acitretin
24,phenylbutanoic acid
223,octatropine methylbromide
1726,methacholine
1744,meticillin
1748,methohexital
2524,sulfapyridine
3333,meclocycline
3356,methyltestosterone
3408,oxiconazole
5401,fostemsavir
5465,finerenone
5406,oliceridine
5414,lonafarnib
40,acebutolol
5439,vericiguat
5446,ponesimod
5450,estetrol
5462,ibrexafungerp
5507,pacritinib
5510,oteseconazole
5516,tirzepatide
52,paracetamol
85,acyclovir
88,adefovir dipivoxil
114,alfentanil
2122,phendimetrazine
115,alfuzosin
119,aliskiren
128,almotriptan
129,alosetron
136,alprazolam
138,alprostadil
143,alvimopan
158,amiloride
163,aminocaproic acid
176,amiodarone
179,amisulpride
180,amitriptyline
183,amlodipine
191,amoxapine
209,anagrelide
229,apraclonidine
230,aprepitant
239,argatroban
242,aripiprazole
244,arsenic trioxide
258,atovaquone
271,azelastine
348,betamethasone
284,balsalazide
294,beclometasone dipropionate
305,bendroflumethiazide
333,benzatropine
356,betaxolol
361,bexarotene
367,bicalutamide
371,bimatoprost
374,biperiden
380,bisoprolol
401,bromfenac
419,budesonide
427,bumetanide
431,levobunolol
437,buspirone
463,caffeine
464,calcifediol
475,candesartan cilexetil
484,captopril
489,carbamazepine
496,carbidopa
512,carmustine
522,carvedilol
525,cefaclor
530,cefazolin
645,cimetidine
533,cefdinir
537,cefixime
546,cefotaxime
550,cefoxitin
564,ceftriaxone
565,cefuroxime
568,celecoxib
704,clonidine
576,cefradine
581,cetirizine
583,cetrorelix
584,cevimeline
594,chlordiazepoxide
621,chlorpromazine
640,cilastatin
647,cinacalcet
659,ciprofloxacin
660,cisapride
661,cisatracurium
663,citalopram
671,clemastine
674,clevidipine
682,clobazam
691,clofarabine
700,clomifene
703,clonazepam
708,clopidogrel
711,clorazepate
722,clozapine
725,codeine
734,cortisone acetate
749,cyclizine
751,cyclobenzaprine
765,cyproheptadine
770,cytarabine
773,dacarbazine
776,dabigatran etexilate
779,danazol
780,dantrolene
782,dapsone
784,darifenacin
785,dasatinib
799,delavirdine
812,desipramine
814,desloratadine
817,desmopressin
818,desogestrel
819,desoximetasone
838,dexpanthenol
841,dexamfetamine
842,dextromethorphan
844,dextropropoxyphene
852,diazepam
854,diazoxide
864,dichlorphenamide
868,dicycloverine
983,econazole
882,digoxin
897,diltiazem
2478,stavudine
913,dinoprostone
918,diphenoxylate
920,diphenylpyraline
924,dipyridamole
1028,epinephrine
926,disopyramide
928,disulfiram
937,dobutamine
939,docetaxel
941,docusate sodium
942,dofetilide
946,donepezil
947,dopamine
954,doxazosin
956,doxepin
960,doxorubicin
968,drospirenone
972,duloxetine
974,dyclonine
989,efavirenz
995,eletriptan
1006,enalaprilat
1010,enfuvirtide
1018,entacapone
1019,entecavir
1032,eplerenone
1034,epoprostenol
1037,eprosartan
1045,erlotinib
1046,ertapenem
1054,esmolol
1055,esomeprazole
1056,estazolam
1809,milrinone
1068,eszopiclone
1071,ethacrynic acid
1073,ethambutol
1082,ethinylestradiol
1083,ethionamide
1110,etonogestrel
1112,etoposide
1115,etravirine
1118,everolimus
1122,exemestane
1123,exenatide
1125,ezetimibe
1128,famciclovir
1129,famotidine
1137,febuxostat
1140,felbamate
1142,felodipine
1152,fenofibrate
1154,fenoprofen
1170,fexofenadine
1171,finasteride
1175,flavoxate
1184,floxuridine
1187,fluconazole
1189,fludarabine phosphate
1191,fludrocortisone acetate
1195,flumazenil
1205,fluocinonide
1208,fluorometholone
1210,fluoxymesterone
1427,imipramine
1212,fluphenazine
1217,fludroxycortide
1218,flurazepam
1219,flurbiprofen
1223,flutamide
1884,naratriptan
1225,fluticasone propionate
1229,fluvastatin
1231,folic acid
1239,formoterol
1240,fosamprenavir
1243,fosfomycin
1245,fosinopril
1251,frovatriptan
1505,isosorbide dinitrate
1255,fulvestrant
1272,galantamine
1277,ganciclovir
1280,gatifloxacin
1282,gefitinib
1283,gemcitabine
1300,glimepiride
1307,glucosamine
1314,glibenclamide
1327,goserelin
1329,granisetron
1343,guanfacine
1353,haloperidol
1375,histamine
1377,histidine
1379,homatropine
1384,hydralazine
1386,hydrocodone
1393,hydromorphone
1395,hydroxychloroquine
1400,hydroxyzine
1529,ketorolac
1404,ibandronic acid
1407,ibuprofen
1414,idarubicin
1421,ifosfamide
1423,imatinib
1426,imipenem
1433,indapamide
1437,indinavir
1440,indomethacin
1468,iopromide
1469,iotalamic acid
1506,isosorbide mononitrate
1471,ioversol
1475,ipratropium
1481,irbesartan
1482,irinotecan
1499,isoprenaline
1511,isradipine
1517,ixabepilone
1527,ketoconazole
1531,labetalol
1540,lamotrigine
1546,lanreotide
1547,lansoprazole
1548,lapatinib
1549,arginine
1551,latanoprost
1556,letrozole
1557,leucine
1559,leuprorelin
1567,levodopa
1569,levofloxacin
1572,levonorgestrel
1574,levorphanol
1584,linezolid
1587,lisinopril
1603,loracarbef
1605,loratadine
1606,lorazepam
1610,losartan
1612,lovastatin
1690,pethidine
1622,lysine
1626,malathion
1635,maraviroc
1649,meclozine
1798,micafungin
1659,medroxyprogesterone
1663,mefenamic acid
1678,melphalan
1704,meprobamate
1708,mercaptopurine
1709,meropenem
1741,methazolamide
1751,methotrexate
1752,levomepromazine
1764,methylergometrine
1782,metoclopramide
1783,metolazone
1791,metyrapone
1810,miltefosine
1802,midazolam
1803,midodrine
1805,mifepristone
1806,miglitol
1807,miglustat
1808,milnacipran
1817,misoprostol
1820,mitotane
1821,mitoxantrone
1845,morphine
1854,moxifloxacin
1860,mycophenolic acid
1862,nabilone
1868,nafarelin
1869,nafcillin
1872,naftifine
1874,nalbuphine
1878,naloxone
1886,nateglinide
1887,nebivolol
1890,nefazodone
1892,nelarabine
1893,nelfinavir
1899,nepafenac
1904,nevirapine
1909,nicardipine
1920,nicotine
1922,nifedipine
1932,nilotinib
1937,nimodipine
1942,nisoldipine
1943,nitazoxanide
1967,norfloxacin
1944,nitisinone
1955,nizatidine
1960,norepinephrine
1962,norethisterone
1963,norethindrone acetate
1971,nortriptyline
1980,octreotide
1981,ofloxacin
1982,olanzapine
2017,oxcarbazepine
1985,olmesartan medoxomil
1986,olopatadine
1988,olsalazine
1992,ondansetron
1996,orlistat
1999,orphenadrine
2001,oseltamivir
2006,oxacillin
2013,oxaprozin
2028,oxybutynin
2029,oxycodone
2032,oxymetazoline
2034,oxymorphone
2044,paclitaxel
2046,palonosetron
2052,pancuronium
2054,pantoprazole
2068,paroxetine
2073,pemetrexed
2081,penicillamine
2098,pentostatin
2099,pentoxifylline
2176,pindolol
2138,phenprocoumon
2146,phenylephrine
2233,pramipexole
2168,pimecrolimus
2179,pioglitazone
2187,piperacillin
2210,piroxicam
2214,pitavastatin
2330,pyridostigmine
2239,pravastatin
2240,prazepam
2352,raltegravir
2266,primaquine
2268,probenecid
2373,ribavirin
2276,procyclidine
2282,proguanil
2291,propafenone
2298,propiomazine
2303,propranolol
2308,propylthiouracil
2326,pseudoephedrine
2328,pyrazinamide
2337,quetiapine
2420,salsalate
2340,quinapril
2346,quinidine
2350,rabeprazole
2445,simvastatin
2351,raloxifene
2356,ramipril
2358,ranitidine
2359,ranolazine
2362,regadenoson
2363,remifentanil
2366,repaglinide
2387,risedronic acid
2371,retapamulin
2376,rifabutin
2377,rifampicin
2378,rifapentine
2379,rifaximin
2389,risperidone
2391,ritonavir
2392,rivastigmine
2393,rizatriptan
2396,rocuronium
2405,rosiglitazone
2406,rosuvastatin
2407,rotigotine
2419,salmeterol
2422,saquinavir
2427,secnidazole
2436,sertraline
2441,sildenafil
2448,sitagliptin
2457,solifenacin
2489,suxamethonium
2459,sorafenib
2462,sorbitol
2483,streptozocin
2491,sufentanil
2492,sulbactam
2497,sulfacetamide
2514,sulfamethoxazole
2525,sulfasalazine
2527,sulfathiazole
2534,sulindac
2543,sumatriptan
2544,sunitinib
2552,tacrolimus
2553,tadalafil
2572,tazobactam
2585,temazepam
2590,teniposide
2593,tenofovir disoproxil
2598,terbutaline
2600,terfenadine
2608,testosterone undecanoate
2609,tetrabenazine
2612,sapropterin
2620,theophylline
2648,tiagabine
2671,tinidazole
2676,tiopronin
2677,tiotropium bromide
2683,tizanidine
2696,tolbutamide
2697,tolcapone
2699,tolmetin
2705,tolterodine
2706,topiramate
2827,vinorelbine
2707,topotecan
2709,toremifene
2711,tramadol
2715,tranylcypromine
2716,travoprost
2717,trazodone
2720,treprostinil
2722,tretinoin
2725,triamcinolone
2729,triazolam
2740,trifluoperazine
2754,trimethobenzamide
2758,trimipramine
2774,tropicamide
2776,trospium
2797,ursodiol
2801,valganciclovir
2806,valsartan
2808,varenicline
2809,vardenafil
2840,colecalciferol
2810,vasopressin
2811,vecuronium
2813,venlafaxine
2815,verapamil
2838,ergocalciferol
2843,phytomenadione
2846,voriconazole
2855,zafirlukast
2859,zanamivir
2994,glucagon
2861,zidovudine
2862,zileuton
2865,ziprasidone
2869,zolmitriptan
2870,zolpidem
2872,zonisamide
2873,zopiclone
2977,caspofungin
2989,calcitonin (salmon synthetic)
3018,benzethonium
3064,capsaicin
3142,difluprednate
3188,estrone
3294,iloperidone
3300,indocyanine green
3302,iodixanol
3317,lenalidomide
3409,oxidronic acid
3502,prucalopride
3521,rasagiline
3531,roflumilast
3534,rufinamide
3584,terazosin
3609,tipranavir
3862,alitretinoin
3931,dolasetron
3944,etoposide phosphate
4039,sulfur hexafluoride
4109,dronabinol
4110,tolvaptan
4111,besifloxacin
4124,vorinostat
4112,dronedarone
4114,saxagliptin
4115,asenapine
4117,pralatrexate
4118,pazopanib
4119,romidepsin
4129,isoleucine
4135,lisdexamfetamine
4137,paliperidone
4143,darunavir
4151,silodosin
4152,permethrin
4153,cabazitaxel
4172,boceprevir
4161,temsirolimus
4162,dexlansoprazole
4163,fampridine
4167,fingolimod
4173,telaprevir
4174,rilpivirine
4175,linagliptin
4176,abiraterone acetate
4191,fesoterodine
4178,vandetanib
4182,rivaroxaban
4184,ticagrelor
4185,vemurafenib
4189,hydroxyprogesterone caproate
4190,ruxolitinib
4209,prazosin
4220,telbivudine
4283,tapentadol
4223,vilazodone
4233,sugammadex
4254,threonine
4266,phenol
4268,allantoin
4289,doconexent
4300,elvitegravir
4303,eslicarbazepine acetate
4304,dapagliflozin
4310,lacosamide
4322,azilsartan medoxomil
4337,ambrisentan
4357,anidulafungin
4627,sincalide
4876,belinostat
4374,lorcaserin
4379,degarelix
4380,desvenlafaxine
4382,mirabegron
4399,eltrombopag
4410,plerixafor
4446,iodine
4452,clobetasol propionate
4454,testosterone cypionate
4456,hydrocortisone succinate
4496,haloperidol decanoate
4497,estradiol acetate
4505,choline fenofibrate
4516,tetracosactide
4715,cabozantinib
4523,quinine
4609,testosterone enantate
4616,methylnaltrexone
4628,enzalutamide
4749,ospemifene
4633,trabectedin
4634,teriflunomide
4651,dimyristoylphosphatidylcholine
4654,regorafenib
4878,idelalisib
4678,oritavancin
4682,panobinostat
4713,tofacitinib
4716,ponatinib
4718,teduglutide
4741,bedaquiline
4746,pomalidomide
4758,canagliflozin
4799,vilanterol
4800,radium Ra 223 dichloride
4801,dabrafenib
4806,vortioxetine
4807,riociguat
4810,ibrutinib
4814,olodaterol
4816,umeclidinium
4820,tasimelteon
4830,empagliflozin
4832,naloxegol
4834,eliglustat
4881,suvorexant
4882,istradefylline
5077,selexipag
4898,netupitant
4899,ledipasvir
4903,nintedanib
4907,olaparib
4912,ombitasvir
4927,albiglutide
4941,palbociclib
4942,lenvatinib
4943,arformoterol
4976,triamcinolone hexacetonide
5001,eluxadoline
5006,cangrelor
5008,sonidegib
5014,brexpiprazole
5022,flibanserin
5037,cariprazine
5052,aripiprazole lauroxil
5062,osimertinib
5067,ixazomib
5068,brivaracetam
5080,elbasvir
5081,grazoprevir
5133,venetoclax
5142,pimavanserin
5143,opicapone
5154,velpatasvir
5174,lifitegrast
5259,abemaciclib
5181,etelcalcetide
5202,baricitinib
5208,plecanatide
5218,ribociclib
5327,erdafitinib
5289,encorafenib
5220,naldemedine
5227,valbenazine
5233,brigatinib
5238,delafloxacin
5244,pibrentasvir
5251,enasidenib
5256,copanlisib
5258,tivozanib
5290,binimetinib
5260,acalabrutinib
5261,latanoprostene bunod
5262,letermovir
5269,netarsudil
5270,ertugliflozin
5278,apalutamide
5285,avatrombopag
5288,cannabidiol
5345,entrectinib
5326,siponimod
5292,ivosidenib
5293,elagolix
5304,glasdegib
5306,gilteritinib
5325,solriamfetol
5328,alpelisib
5334,darolutamide
5346,upadacitinib
5347,fedratinib
5351,lasmiditan
5356,voxelotor
5360,lemborexant
5389,tucatinib
5380,tazemetostat
5382,bempedoic acid
5383,ozanimod
5388,selumetinib
5394,ripretinib
5398,lurbinectedin
5432,relugolix
5458,piflufolastat F-18
5502,diroximel fumarate
906,dimethyl sulfoxide
1523,ketamine
1768,methylprednisolone
1990,omeprazole
2041,oxytetracycline
2042,oxytocin
2082,benzylpenicillin
2083,phenoxymethylpenicillin
2095,pentobarbital
2105,pergolide
2145,phenylbutazone
2149,phenylpropanolamine
2152,phenytoin
2245,prednisolone
2247,prednisolone acetate
2251,prednisolone tebutate
2253,prednisone
2267,primidone
2274,prochlorperazine
2279,progesterone
2294,proparacaine
2302,propofol
2429,selegiline
2468,spectinomycin
2477,stanozolol
2500,sulfadiazine
2502,sulfadimidine
2512,sulfamethizole
2583,telmisartan
2597,terbinafine
2607,testosterone
2610,tetracaine
2626,thiamylal
2633,thiopental
2656,ticarcillin
2726,triamcinolone acetonide
2742,triflupromazine
2646,levothyroxine
2746,trilostane
2749,alimemazine
2755,trimethoprim
2968,triptorelin
3424,pentazocine
4146,testosterone propionate
4451,prednisolone sodium phosphate
5039,tannic acid
56,acetazolamide
103,albendazole
157,amikacin
192,amoxicillin
198,ampicillin
299,benazepril
353,betamethasone dipropionate
434,buprenorphine
454,butorphanol
526,cefadroxil
597,chlorhexidine
607,chloroquine
609,chlorothiazide
633,ciclesonide
669,clavulanic acid
678,clindamycin
701,clomipramine
719,clotrimazole
4753,pentetate calcium trisodium
720,cloxacillin
851,diatrizoate
865,diclofenac
866,dicloxacillin
966,droperidol
1005,enalapril
1057,estradiol
1103,etodolac
1164,fentanyl
1204,fluocinolone acetonide
1209,fluoxetine
1257,furazolidone
1258,furosemide
1319,glycine
1363,hetacillin
1385,hydrochlorothiazide
1388,hydrocortisone
1493,isoflurane
1519,kanamycin
1528,ketoprofen
1561,levamisole
1579,lidocaine
1582,lincomycin
1585,liothyronine
1672,melatonin
1676,meloxicam
1745,thiamazole
1765,naltrexone
1800,miconazole
1816,mirtazapine
1832,mometasone furoate
1883,naproxen
1897,neostigmine
1950,nitrofurazone
2475,spironolactone
2958,gonadorelin
3920,dexamethasone phosphate
4213,hydrocortisone acetate
4238,nitrous oxide
4302,glycopyrronium bromide
4443,ferric oxide
4667,betamethasone phosphate
4980,gemtuzumab ozogamicin
4959,efalizumab
4984,ibritumomab tiuxetan
4967,golimumab
5031,mogamulizumab
5057,insulin glulisine
5405,belantamab mafodotin
5072,elotuzumab
5025,sargramostim
5071,necitumumab
5091,belatacept
5015,pegvisomant
4751,fomivirsen
4086,ethanolamine oleate
4529,ferric sulfate
5157,darbepoetin alfa
4253,macrogol
4263,potassium nitrate
4433,calcium glucoheptonate
4203,sodium acetate
5101,galsulfase
4206,"potassium phosphate, dibasic"
5105,rilonacept
5331,prabotulinumtoxinA
3482,polyestradiol phosphate
727,cholestyramine
731,colistimethate sodium
4196,cyanocobalamin
4214,sodium gluconate
2995,lepirudin
4295,"sodium phosphate, monobasic, monohydrate"
4219,sodium phosphate
4234,peginesatide
4281,magnesium citrate
4282,copper sulfate
5104,undecoylium chloride iodine
4344,zinc chloride
4404,cobamamide
4453,lysine acetate
4457,zinc undecylenate
4461,manganese sulfate
4495,aluminium chlorohydrate
4494,gadodiamide
4510,magnesium salicylate
4585,lanthanum carbonate
5116,bentoquatam
4288,magnesium carbonate
5395,fluoroestradiol F 18
4212,sodium sulfate
5146,ferumoxsil
5147,UREA C 14
5231,midostaurin
5190,talc
5201,crisaborole
4249,povidone-iodine
5194,meglumine
5132,sodium carbonate
5096,technetium Tc-99M pentetate
5095,thallous chloride Tl-201
1313,glutethimide
5131,chymopapain
4755,technetium Tc 99m tilmanocept
4992,merethoxylline procaine
4662,choline magnesium trisalicylate
4235,oxygen
5048,pitolisant
4240,zinc oxide
4241,octisalate
5035,ergoloid mesylates
1076,ethanol
4988,deoxycholic acid
5036,sodium phosphate (32P)
5329,bremelanotide
5038,sodium iodide (131I)
5040,chymotrypsin
5330,selinexor
4901,insulin glargine
5344,pretomanid
5156,Gallium Ga 68 dotatate
4818,florbetaben F18
4436,aluminium chloride
1948,nitric oxide
4785,sinecatechins
4779,sodium picosulfate
5192,insulin beef
4781,sodium selenate
4757,dimethyl fumarate
4754,pentetate zinc trisodium
4239,calcium carbonate
4242,avobenzone
4243,sodium fluoride
4221,mequinol
3244,formaldehyde
5191,insulin pork
3281,hydrogen peroxide
58,acetohydroxamic acid
5200,sodium succinate
347,betaine
3150,dimercaprol
835,dexmedetomidine
166,aminolevulinic acid
124,allopurinol
3442,phenoxyethanol
3344,methenamine
1087,ethosuximide
1711,mesna
488,carbachol
559,ceftazidime
3094,chloroxylenol
2695,tolazoline
1646,mecamylamine
1318,sodium glycerophosphate
1683,menadione
2114,phenacemide
1444,inositol
1252,fructose
3269,glycol salicylate
1774,methyprylon
5070,asparaginase
666,citric acid
4961,raxibacumab
165,aminohippuric acid
1336,guaifenesin
873,diethylcarbamazine
141,altretamine
1753,methoxamine
2120,phenazopyridine
3462,phenyl salicylate
611,chloroxine
167,5-aminolevulinic acid hexyl ester
1722,metaxalone
3412,oxybenzone
2735,triclofos
1767,methylphenidate
1490,isocarboxazid
2382,riluzole
164,aminoglutethimide
5028,sebelipase alfa
2132,pheniramine
4558,gadopentetate dimeglumine
3159,dioxybenzone
5004,ocriplasmin
847,dezocine
3506,pyridoxal phosphate
2332,pyrimethamine
2728,triamterene
2150,phenyltoloxamine
4948,dinutuximab
2047,pamabrom
2402,ropinirole
2832,thiamine
90,adenosine
962,doxylamine
1552,leflunomide
3887,Technetium Tc 99m Exametazime
1826,modafinil
616,chlorphenamine
269,azathioprine
5323,tagraxofusp
1398,hydroxystilbamidine
3400,oleic acid
3631,triclosan
1742,methdilazine
886,dihydrocodeine
2745,trihexyphenidyl
3174,eicosapentaenoic acid
2424,scopolamine
3617,tolnaftate
2847,warfarin
4935,palivizumab
1434,indecainide
4105,icodextrin
1086,profenamine
5373,air polymer-type A
3630,triclocarban
623,chlorprothixene
2038,oxyphenisatine
1230,fluvoxamine
408,brompheniramine
1053,escitalopram
949,dorzolamide
940,docosanol
4928,follitropin
1413,icosapent ethyl
2318,protokylol
404,bromazine
625,chlortalidone
1573,levopropoxyphene
1534,lactitol
1749,metofoline
1500,isopropamide
5055,idarucizumab
5275,lutetium (177Lu) oxodotreotide
3314,lapyrium chloride
644,cilostazol
2561,tamoxifen
4487,sodium polystyrene sulfonate
4488,sodium fluoride F-18
4489,magnesium acetate
3128,deferasirox
4492,calcium threonate
4501,armodafinil
2335,pyrvinium
4503,isosulfan blue
4638,Padimate A
1712,mesoridazine
2092,pentetic acid
574,cefalotin
5205,interferon alfa-2b
2113,perphenazine
1267,gadoterate meglumine
331,benzquinamide
2186,piperacetazine
3481,podophyllotoxin
2451,sitosterol
5177,muromonab-CD3
4261,ferrous fumarate
3613,Vitamin E
1842,moracizine
4614,polidocanol
1043,ergotamine
1201,flunisolide
349,betamethasone acetate
4251,nitrogen
4250,algeldrate
4632,phenyl trimethicone
4252,sodium monofluorophosphate
4694,potassium bitartrate
4695,potassium lactate
4738,tyloxapol
2172,pimozide
5106,sodium chromate (51Cr)
5107,nonoxinol
5108,beractant
5115,gallium nitrate
4293,magnesium oxide
5122,ferric pyrophosphate citrate
5123,technetium Tc 99m tetrofosmin
1857,mupirocin
908,dimethyltubocurarinium
351,betamethasone benzoate
4202,sodium lactate
2823,vinblastine
146,ambenonium
3417,pantethine
801,demecarium
5102,sutilains
792,deferoxamine
5103,acrisorcin
326,benzonatate
2097,pentosan polysulfate
2227,polysorbate 80
4147,gadoversetamide
2781,tubocurarine
5332,onasemnogene abeparvovec
3258,gadofosveset
915,diphemanil
5333,polatuzumab vedotin
1447,inulin
3063,capreomycin
4021,porfimer
4264,carbamide
3957,hyaluronic acid
1268,gadoteridol
5411,copper dotatate Cu-64
3217,evans blue
730,colfosceril palmitate
881,digitoxin
4847,cyanocobalamin (57Co)
4846,ecallantide
1445,inositol nicotinate
281,bacitracin
5011,aldesleukin
760,ciclosporin
2548,secretin human
5225,sodium zirconium cyclosilicate
4211,acetic acid
4198,sodium chloride
4197,vitamin A palmitate
4207,lithium carbonate
4215,isopropanol
4144,sodium lauryl sulfate
4145,lutein
4425,colistin
4427,calcitonin human
4256,carbon dioxide
4218,methyldopate
4168,lurasidone
4292,enzacamene
4247,neomycin
4248,pyrithione zinc
4232,lucinactant
4278,crospovidone
4269,zinc acetate
4271,"sodium phosphate, monobasic"
4284,silicon dioxide
4301,Flutemetamol (18F)
4307,sennosides
4309,hydroxocobalamin
5126,omega-3-carboxylic acids
4323,UREA C-13
4625,ammonia
4355,bismuth subcitrate
4346,barium sulfate
4343,zinc gluconate
4341,almasilate
4366,voclosporin
4384,levofolinic acid
4405,colesevelam
4439,aluminium phosphate
4441,calcium phosphate
4442,trolamine salicylate
4455,fludeoxyglucose (18F)
4459,procaine benzylpenicillin
4458,sulfisoxazole acetyl
4468,esketamine
4475,iron pentacarbonyl
4481,N-Acetyltyrosine
4498,paliperidone palmitate
4521,manganese chloride
4518,sodium thiosulfate
4532,mangafodipir
4602,diethylamino hydroxybenzoyl hexyl benzoate
5119,technetium Tc 99m mebrofenin
4554,fluticasone furoate
4566,sodium oxybate
5120,technetium Tc 99m medronate
4604,xylitol
4611,stearic acid
4623,spinosad
4630,sodium pyrophosphate
4621,levomefolic acid
4698,potassium perchlorate
4700,pyrethrins
4717,benzylpenicilloyl polylysine
4848,somatropin
4860,prussian blue
4790,sodium hypochlorite
4931,corticotropin
5121,sucroferric oxyhydroxide
4864,levomilnacipran
5056,patiromer calcium
4960,insulin degludec
4936,parathyroid hormone
5002,insulin lispro
4998,aluminum acetate
5059,lusutrombopag
5076,ferric maltol
5128,ferric carboxymaltose
5407,risdiplam
5448,serdexmethylphenidate
5196,chorionic gonadotrophin
5041,technetium (99mTc) nofetumomab merpentan
4884,calfactant
4929,lutropin alfa
4199,potassium chloride
4200,magnesium chloride
4201,calcium chloride
5148,poractant alfa
5316,galcanezumab
5457,pegcetacoplan
4205,sodium bicarbonate
3017,benzalkonium
4260,sulfur
4530,cupric chloride
4636,sodium hydroxide
5513,tebentafusp
5338,ropeginterferon alfa-2b
5127,arcitumomab
1467,iofendylate
901,dimenhydrinate
5386,eptinezumab
4646,gadoxetate
4478,phosphoric acid
4479,calcium citrate
4471,gadobenate dimeglumine
4480,"potassium phosphate, monobasic"
4500,amiloxate
5109,urokinase
432,bupivacaine
5318,elapegademase
5043,sacrosidase
5320,emapalumab
571,cefalexin
4904,adalimumab
4965,denosumab
4370,xenon (127Xe) gas
5130,oxiglutatione
4246,Polymyxin B
3495,propiolactone
2188,piperazine
5198,secretin porcine
2343,quinethazone
3976,kinetin
335,benzyl benzoate
1501,isosorbide
2854,xylose
728,colestipol
5150,chloramphenicol palmitate
2143,fenamisal
3364,monoctanoin
603,chlormezanone
2284,promazine
1789,metrizoic acid
2785,tyropanoate
4279,polyvinyl alcohol
4473,prepopik
4474,trisodium citrate dihydrate
4538,ferric citrate
4618,linolenic acid
4639,oftasceine
4640,octyltriethoxysilane
4999,elosulfase alfa
2990,desirudin
2228,polythiazide
1958,nomifensine
2265,prilocaine
2390,ritodrine
2831,retinol
3179,ensulizole
5094,obiltoxaximab
577,cerivastatin
5173,vonicog alfa
82,acrivastine
249,astemizole
999,emedastine
1648,mecillinam
5197,mecasermin rinfabate
4914,dasabuvir
4950,abciximab
1451,iocetamic acid
3966,iodoxamic acid
247,artesunate
2060,paramethasone acetate
2799,valdecoxib
2533,aldesulfone
4183,indacaterol
384,bitolterol
2666,tiludronic acid
1098,etidronic acid
2686,tocainide
4072,ascorbic acid
4024,propylene glycol
912,dinoprost
205,amyl nitrite
2199,pirbuterol
5498,inclisiran
1754,methoxyflurane
3429,perflexane
4875,daclatasvir
4142,sulfadiazine silver
2521,sulfanilamide
439,secbutabarbital
4983,obinutuzumab
5308,caplacizumab
2140,phentermine
5206,pegademase
4885,dulaglutide
4133,carboplatin
4905,pegaptanib
359,betanidine
4920,finafloxacin
256,atomoxetine
2183,pipecuronium
3952,guanabenz
1417,idoxuridine
1901,nesiritide
4913,paritaprevir
4995,epoetin alfa
4932,imiglucerase
4922,ceftolozane
5026,oprelvekin
5252,neratinib
5082,pegaspargase
5372,elexacaftor
870,dienestrol
5044,reteplase
4994,rasburicase
5230,cerliponase alfa
2403,ropivacaine
2446,sirolimus
5018,agalsidase beta
5066,tenecteplase
5433,ansuvimab
1977,nystatin
572,cefaloglycin
4424,candicidin
1644,mebutamate
5183,olaratumab
5016,alirocumab
4528,ferrous sulfate
871,dienogest
1906,nicotinamide
2592,tenofovir
2271,procaine
822,desoxycorticosterone pivalate
5193,hydrocortisone phosphate
4969,eculizumab
4970,natalizumab
4267,arbutin
4744,crofelemer
4954,cetuximab
2803,valproic acid
2464,sotalol
2868,zoledronic acid
1358,heparin
5387,teprotumumab
1048,erythromycin
1109,etomidate
1285,gemfibrozil
830,dexbrompheniramine
1563,levetiracetam
4290,magnesium sulfate
4644,hydroxocobalamin acetate
1865,nadolol
87,adapalene
4804,palifermin
4291,cupric oxide
358,bethanechol
1725,metformin
1790,metronidazole
1794,mexiletine
5124,technetium (99mTc) sestamibi
112,alendronic acid
25,azacitidine
26,fluorouracil
66,acetylcysteine
156,amifostine
197,amphotericin B
184,amobarbital
245,artemether
322,benznidazole
345,betacarotene
373,biotin
438,busulfan
470,camphor
509,carisoprodol
513,levocarnitine
535,cefepime
555,cefpodoxime proxetil
556,cefprozil
585,clofedanol
614,chlorphenesin carbamate
636,ciclopirox
667,cladribine
668,clarithromycin
679,clindamycin palmitate
726,colchicine
741,cromoglicic acid
768,mercaptamine
769,cysteine
774,dactinomycin
777,dalbavancin
793,deflazacort
795,prasterone
802,demeclocycline
839,dexrazoxane
845,glucose
935,mannitol
961,doxycycline
1030,epirubicin
1051,erythromycin ethyl succinate
1232,leucovorin
1316,glycerol
1262,aminobutyric acid
1310,glutamic acid
1311,glutamine
1380,methylhomatropine
1412,ibutilide
1464,iopamidol
1497,isoniazid
1536,lactulose
1550,aspartic acid
5138,glucarpidase
1596,lomustine
1647,mechlorethamine
5176,pegloticase
1665,mefloquine
1763,methylthioninium chloride
1819,mitomycin
824,dexamethasone
1885,natamycin
1889,nedocromil
1949,nitrofurantoin
1929,nifurtimox
2056,papaverine
2088,pentagastrin
2090,pentamidine
2270,procainamide
2272,procarbazine
2305,propylhexedrine
2349,quinupristin
2372,retinol acetate
2415,salicylamide
2481,streptomycin
2566,tartaric acid
2562,tamsulosin
2611,tetracycline
2589,temozolomide
2638,thiotepa
2661,tigecycline
2690,tocopherol succinate
2738,trientine
2743,trifluridine
2771,trometamol
2807,vancomycin
2816,verteporfin
2836,pyridoxine
3031,bisoctrizole
3035,boric acid
3152,dimethicone
3171,ecamsule
3395,octocrylene
3301,inosine
3332,mebrofenin
255,atenolol
3487,pramocaine
259,atracurium
3544,selenomethionine
3572,sulisobenzone
3627,trichloroacetic acid
4122,auranofin
4125,proline
4127,serine
4210,oxaliplatin
4156,edaravone
4179,gadobutrol
4188,deferiprone
4208,diatrizoate meglumine
4195,alpha-tocopherol acetate
4217,potassium acetate
4224,pirfenidone
4274,selenium sulfide
4273,stannous fluoride
4244,magnesium hydroxide
4245,methyl salicylate
4237,titanium dioxide
4255,alanine
4262,helium
4272,hydroxyproline
4259,cineole
4287,calcium acetate
4296,potassium iodide
4277,iron
4275,zinc sulfate
4491,ferrous gluconate
4331,sevelamer carbonate
4348,calcium gluconate
4392,cisplatin
4418,diethyltoluamide
4448,calcium hydrogen phosphate dihydrate
4434,calcium glycerylphosphate
4445,carbamide peroxide
4444,meradimate
4460,menthyl salicylate
4476,ammonium lactate
4472,AMMONIA N-13
4486,taurine
4502,silver nitrate
4499,hydrofluoric acid
4519,potassium citrate
4520,potassium hydrogencarbonate
4508,racepinefrine
4533,samarium (153Sm) lexidronam
4550,fluorodopa (18F)
4601,diosmetin
1422,iloprost
4624,phenylacetic acid
4637,rose bengal
4645,glycolic acid
4649,dipyrithione
4648,eugenol
4664,benzoic acid
4668,1-Octacosanol
4732,thioctic acid
4794,gramicidin
4747,mipomersen
4750,cetyl alcohol
4797,sodium nitrite
4840,bemiparin
4873,tedizolid phosphate
4944,tenofovir alafenamide
4947,isavuconazonium
4981,insulin aspart
4989,velaglucerase alfa
4997,laronidase
5029,uridine triacetate
5030,alglucosidase alfa
5049,asfotase alfa
5058,ozenoxacin
5118,chromic chloride
5153,fluciclovine (18F)
5180,talimogene laherparepvec
5184,rubidium Rb-82 chloride
5186,bezlotoxumab
5187,ferrous bisglycinate
5199,taliglucerase alfa
5195,corticorelin ovine
5207,nusinersen
5216,crisantaspase
5243,glecaprevir
5253,vaborbactam
5264,vestronidase alfa
466,calcitriol
5268,emicizumab
618,chlorphentermine
622,chlorpropamide
629,cianidanol
5287,plazomicin
5294,eravacycline dihydrochloride
5321,calaspargase pegol
5313,patisiran
5324,brexanolone
5336,andexanet alfa
5340,pegvaliase
5348,lefamulin
5355,cenobamate
5475,avalglucosidase alfa
5385,isatuximab
5399,triheptanoin
5435,naxitamab
5445,melphalan flufenamide
5460,samidorphan
5466,fexinidazole
5493,daridorexant
5461,sotorasib
5469,belzutifan
2606,testolactone
4987,filgrastim
4964,brentuximab vedotin
4870,vorapaxar
480,capecitabine
2751,trimethadione
2737,tridihexethyl
5088,alefacept
67,acetyldigitoxin
1759,methylclothiazide
2819,vigabatrin
220,anileridine
57,acetohexamide
1216,fluprednisolone
277,azlocillin
976,diprophylline
1348,halazepam
4170,tesamorelin
1356,halothane
2369,rescinnamine
810,deserpidine
2511,sulfameter
1539,lamivudine
5480,vosoritide
4916,aflibercept
4917,ramucirumab
4924,pembrolizumab
4933,tocilizumab
5276,tezacaftor
2342,quinestrol
538,cefmenoxime
528,cefamandole nafate
965,drostanolone propionate
1387,hydrocortamate
4955,panitumumab
4957,pertuzumab
38,acamprosate
1624,mafenide
210,anastrozole
323,benzocaine
354,betamethasone valerate
385,bivalirudin
403,bromocriptine
450,butoconazole
499,carbinoxamine
874,diethylpropion
639,cidofovir
676,clidinium
811,desflurane
759,cycloserine
790,decitabine
869,didanosine
4971,ranibizumab
1003,emtricitabine
1024,ephedrine
1040,eptifibatide
1064,estradiol valerate
1088,ethotoin
1236,fondaparinux
1279,ganirelix
1213,fluphenazine decanoate
392,bosentan
395,brimonidine
1301,glipizide
1575,levosalbutamol
1566,levocetirizine
5151,atezolizumab
1700,mepivacaine
1747,methocarbamol
1758,methsuximide
1770,methylprednisolone acetate
1641,mebendazole
1667,megestrol acetate
1827,moexipril
2637,thioridazine
1959,norelgestromin
2011,oxandrolone
2015,oxazepam
2108,perindopril
2231,pralidoxime
2243,prednicarbate
1339,guanadrel
2336,quazepam
1762,methyldopa
2355,ramelteon
2439,sevoflurane
5246,guselkumab
5247,inotuzumab ozogamicin
2571,tazarotene
2599,terconazole
2632,thioguanine
2712,trandolapril
2680,tirofiban
2708,torsemide
2798,valaciclovir
2805,valrubicin
2857,zaleplon
2975,histrelin
3135,desonide
3959,hydrocortisone butyrate
4123,lubiprostone
4164,liraglutide
4165,alcaftadine
4169,ceftaroline fosamil
4171,eribulin
4177,gabapentin enacarbil
1508,isotretinoin
4257,bismuth subsalicylate
4228,ivacaftor
4299,cobicistat
4318,afatinib
4334,bazedoxifene
4336,amifampridine
2825,vincristine
4340,alogliptin
4972,omalizumab
4411,dexchlorpheniramine
4504,hydrocortisone valerate
4569,hydrocortisone probutate
4577,iobenguane (131I)
4606,clocortolone pivalate
4631,nitroprusside
4975,rituximab
4684,perampanel
4721,lomitapide
4809,macitentan
4815,lixisenatide
4826,metreleptin
4855,conjugated estrogens
4874,efinaconazole
4879,enoxaparin sodium
2733,trichlormethiazide
4897,edoxaban
4909,alemtuzumab
4940,basiliximab
4974,infliximab
4949,belimumab
4952,canakinumab
5089,abatacept
5061,mepolizumab
5063,daratumumab
5139,interferon beta-1a
5149,choriogonadotropin alfa
5158,peginterferon alfa-2a
5165,methoxy polyethylene glycol-epoetin beta
5179,brodalumab
5182,eteplirsen
5224,dupilumab
5214,telotristat ethyl
5221,avelumab
5223,ocrelizumab
5232,abaloparatide
5234,durvalumab
5267,semaglutide
5263,benralizumab
5279,ibalizumab
5282,burosumab
5284,erenumab
5319,inotersen 
5301,baloxavir marboxil
5305,larotrectinib
5354,givosiran
5322,ravulizumab
5337,risankizumab
5352,cefiderocol
5366,enfortumab vedotin
5456,imdevimab
5357,golodirsen
5361,ubrogepant
5364,luspatercept
5381,rimegepant
5476,lonapegsomatropin
5477,tisotumab vedotin
5402,inqovi
5408,viltolarsen
5479,tralokinumab
5415,lumasiran
5430,berotralstat
5436,atoltivimab
5443,casimersen
5444,fosdenopterin
5447,dasiglucagon
5453,bamlanivimab
5472,atogepant
5496,maribavir
5499,efgartigimod alfa
5512,sutimlimab
2480,stiripentol
1786,metoprolol
589,chloramphenicol
1207,fluorescein
692,clofazimine
4615,N-Acetylglucosamine
89,adenine
624,chlortetracycline
1912,niclosamide
4265,gentamicin
1513,itraconazole
888,dihydroergotamine
1264,gabapentin
2123,phenelzine
2255,pregabalin
1429,imiquimod
1601,lopinavir
4958,ipilimumab
1679,memantine
4966,ustekinumab
5400,remimazolam
4915,blinatumomab
5497,pafolacianine
757,cyclopentolate
5137,peginterferon beta-1a
5514,relatlimab
5185,gallium (68Ga) edotreotide
5164,peginterferon alfa-2b
102,alatrofloxacin
4956,bevacizumab
4149,doripenem
3248,fosfestrol
5303,revefenacin
5509,lutetium (177Lu) vipivotide tetraxetan
813,deslanoside
2510,sulfamerazine
1491,isoetarine
4229,tafluprost
4979,trastuzumab
5242,voxilaprevir
5271,macimorelin
5362,romosozumab
5449,evinacumab
5464,aducanumab
5468,odevixibat
2675,tioconazole
5003,insulin human
5046,cobimetinib
257,atorvastatin
3369,naphazoline
758,cyclophosphamide
4937,alectinib
1176,flecainide
2616,thalidomide
1325,glycyrrhizic acid
1365,hexafluronium
789,decamethonium
2780,tryptophan
4635,Choline C-11
4642,dodecanoic acid
4258,thymol
4420,dihydroergocryptine
1494,fluostigmine
222,anisindione
3542,saralasin
1974,novobiocin
332,benzthiazide
544,ceforanide
1364,hexachlorophene
2096,pentolonium
4390,choline theophyllinate
1094,ethylestrenol
2546,suprofen
975,dydrogesterone
2039,oxyphenonium
761,cyclothiazide
254,atazanavir
1097,etidocaine
1273,gallamine
518,carprofen
1882,nandrolone phenpropionate
543,cefoperazone
548,cefotiam
1560,levallorphan
435,bupropion
460,cabergoline
1836,montelukast
1066,estramustine phosphate
4482,corbadrine
5272,angiotensin II
34,abacavir
43,aceclofenac
74,acetylsalicylic acid
65,acetylcholine
260,atropine
342,bepridil
357,betazole
416,buclizine
444,butenafine
508,carindacillin
516,carfenazine
539,cefmetazole
575,cefapirin
681,clioquinol
846,dextrothyroxine
971,droxidopa
973,dutasteride
1027,epinastine
1241,foscarnet
1330,grepafloxacin
1593,lofexidine
1530,ketotifen
1564,levocabastine
1594,lomefloxacin
1637,masoprocol
1640,mazindol
1694,mephentermine
1732,methamphetamine
1775,methysergide
1876,nalmefene
1881,nandrolone decanoate
2027,oxprenolol
2048,pamidronic acid
2065,pargyline
2075,pemoline
2079,penciclovir
2139,phensuximide
2173,pinacidil
2269,probucol
2316,protirelin
2397,rofecoxib
2433,sermorelin
2466,sparfloxacin
2486,succimer
2495,sulconazole
2630,thiethylperazine
2734,triclabendazole
2752,trimetaphan
2767,troglitazone
2777,trovafloxacin
2794,unoprostone isopropyl
2818,vidarabine
3312,ivabradine
3355,methyl nicotinate
3483,posaconazole
3446,undecylenic acid
4106,sucralfate
4181,retigabine
4225,axitinib
4230,Ioflupane I-123
4227,vismodegib
4285,Florbetapir F-18
4298,apixaban
4817,rifamycin
4483,carfilzomib
4514,teriparatide
4622,linaclotide
4641,levmetamfetamine
4752,levobetaxolol
4802,trametinib
4805,dolutegravir
4813,luliconazole
4811,sofosbuvir
4823,peramivir
4829,apremilast
4857,estrone sulphate
4877,tavaborole
4893,tipiracil
4923,nivolumab
4921,safinamide
4946,avibactam
4951,ofatumumab
4968,certolizumab pegol
4982,vedolizumab
4990,trastuzumab emtansine
5032,menadiol sodium diphosphate
5012,sacubitril
5075,lesinurad
5087,denileukin diftitox
5129,alglucerase
5110,migalastat
5144,gluconolactone
5203,rucaparib
5222,niraparib
5241,betrixaban
5274,bictegravir
5286,moxidectin
5283,fosnetupitant
5291,tecovirimat
5295,doravirine
5297,dacomitinib
5311,vibegron
5342,relebactam
5350,trifarotene
5343,pexidartinib
5358,lumateperone
5359,brilliant Blue G
5365,crizanlizumab
5379,avapritinib
5390,pemigatinib
5384,osilodrostat
5393,selpercatinib
5396,flortaucipir F 18
5404,tafasitamab
5403,abametapir
5416,setmelanotide
5434,margetuximab
5437,maftivimab
5438,odesivimab
5451,dostarlimab
5441,umbralisib
5452,loncastuximab tesirine
5459,infigratinib
5463,amivantamab
5474,anifrolumab
5473,maralixibat hydrochloride
5500,tezepelumab
5508,ganaxolone
59,acetophenazine
182,amlexanox
200,amprenavir
201,amrinone
224,antazoline
226,dithranol
268,azatadine
280,bacampicillin
329,benzphetamine
394,bretylium
492,carbenicillin
502,carboprost
534,cefditoren pivoxil
562,ceftibuten
563,ceftizoxime
593,chlorcyclizine
694,clofibrate
988,edrophonium
732,conivaptan
778,dalfopristin
781,dapiprazole
859,cinchocaine
878,difenoxin
953,doxapram
990,eflornithine
1013,enoxacin
1059,estradiol cypionate
1095,etynodiol
1153,fenoldopam
1188,flucytosine
1233,fomepizole
1286,gemifloxacin
1331,griseofulvin
1334,guaiacol
1342,guanethidine
1344,guanidine
1394,hydroxyamfetamine
1399,hydroxycarbamide
1452,iodamide
1510,isoxsuprine
1583,lindane
1650,meclofenamic acid
1757,methscopolamine
1689,mepenzolate
1714,mestranol
1720,orciprenaline
1727,metacycline
1792,metirosine
1797,mibefradil
1822,mivacurium
1830,molindone
1875,nalidixic acid
1968,norgestimate
2428,secobarbital
2026,oxyphencyclimine
441,butalbital
2033,oxymetholone
2067,paromomycin
2050,aminosalicylic acid
2078,penbutolol
2133,phenmetrazine
2136,phenoxybenzamine
2142,phentolamine
2241,praziquantel
2236,pramlintide
2277,proflavine
2293,propantheline
2331,mepyramine
2320,protriptyline
2370,reserpine
2383,rimantadine
2440,sibutramine
2499,sulfacytine
2503,sulfadoxine
2529,sulfafurazole
2528,sulfinpyrazone
2551,tacrine
2579,tegaserod
2581,telithromycin
2621,thiabendazole
2694,tolazamide
2762,tripelennamine
2757,trimetrexate
2763,triprolidine
2769,troleandomycin
2974,doxacurium
3096,cholic acid
3249,fospropofol
3325,lodoxamide
3520,rapacuronium
3550,sodium tetradecyl sulfate
3558,sulfabenzamide
3591,tetryzoline
3972,ivermectin
4276,piperonyl butoxide
4347,benzathine benzylpenicillin
105,salbutamol
4361,chenodiol
4350,ammonium chloride
4605,tonzonium
4513,magnesium silicate
4477,sodium citrate
4507,halcinonide
4603,cobalamin
4600,mecobalamin
4647,fluorometholone acetate
5349,tenapanor
5397,inebilizumab
5363,brolucizumab
5409,satralizumab
5413,somapacitan
5515,faricimab
4324,sevelamer
4373,sodium benzoate
4511,chromium picolinate
4512,lithium citrate
4742,bleomycin
4839,aprotinin
4880,glatiramer acetate
4918,idursulfase
4925,becaplermin
4934,secukinumab
4930,thyrotropin alfa
4953,daclizumab
4977,siltuximab
4978,etanercept
4985,insulin detemir
4986,pegfilgrastim
4996,romiplostim
5000,evolocumab
5009,mecasermin
5017,anakinra
5033,hyaluronidase
5034,protamine sulfate
5042,somatrem
5051,collagenase
5083,ixekizumab
5092,defibrotide
5093,reslizumab
5135,dornase alfa
5140,interferon beta-1b
5141,alteplase
5204,ferumoxytol
5237,sarilumab
5281,tildrakizumab
5309,lanadelumab
5314,moxetumomab pasudotox
5315,fremanezumab
5317,cemiplimab
5367,trastuzumab deruxtecan
5391,sacituzumab govitecan
5454,etesevimab
5455,casirivimab
5494,avacopan
5155,obeticholic acid
4236,octinoxate
4745,glycerol phenylbutyrate
4663,benzoin
1078,ethchlorvynol
934,levomenthol
2059,paramethadione
1721,metaraminol
786,daunorubicin
270,azelaic acid
3068,carglumic acid
282,baclofen
2055,calcium pantothenate
2759,trioxsalen
982,echothiophate
2657,ticlopidine
228,apomorphine
763,cycrimine
987,edetic acid
3083,cetylpyridinium
1728,methadone
237,arbutamine
1371,hexocyclium
1571,levomethadyl acetate
4371,xenon (133Xe) gas
1355,haloprogin
2834,riboflavin
610,chlorotrianisene
396,brinzolamide
316,bentiromide
1859,mycophenolate mofetil
2639,thiothixene
2374,riboflavin phosphate
1599,loperamide
1350,halofantrine
3909,clindamycin phosphate
1617,lumefantrine
1214,fluphenazine enanthate
63,acetrizoic acid
3014,bemotrizinol
1788,metrizamide
4116,telavancin
5226,deutetrabenazine
4270,Padimate O
4626,trinitrophenol
4485,diflorasone diacetate
4575,indigo carmine
547,cefotetan
391,bortezomib
1533,lactic acid
1496,isometheptene
168,methyl aminolevulinate
3739,etoxazene
1089,ethoxzolamide
1634,maprotiline
313,diphenidol
2192,pipobroman
2856,zalcitabine
4821,seractide
657,cinoxacin
3184,dihydroergocornine
494,pentoxyverine
2223,plicamycin
925,dirithromycin
2830,viomycin
2074,pemirolast
1702,meprednisone
2795,uracil mustard
2102,perflubron
1373,hexylcaine
1465,iopanoic acid
1470,iotrolan
1472,ioxaglic acid
1473,ioxilan
1474,iopodic acid
3496,propoxycaine
1779,metipranolol
1795,mezlocillin
2009,oxamniquine
626,chlorzoxazone
2556,talbutal
311,benoxaprofen
101,alacepril
1814,minoxidil
4812,simeprevir
1198,flumetasone pivalate
3290,oxyquinoline
922,dipivefrine
1903,netilmicin
552,cefpiramide
542,cefonicid
1081,ethinamate
5495,asciminib
1965,norethynodrel
2384,rimexolone
1952,glyceryl trinitrate
579,ceruletide
2727,triamcinolone diacetate
1455,adipiodone
2306,propyliodone
867,dicoumarol
1695,mephenytoin
2286,promethazine
1390,hydrocortisone cypionate
821,desoxycorticosterone acetate
5520,nirmatrelvir
1851,latamoxef
2166,pilocarpine
144,amantadine
276,azithromycin
302,bendamustine
334,benzyl alcohol
328,benzoyl peroxide
588,chlorambucil
3279,homosalate
744,crotamiton
783,daptomycin
1374,hexylresorcinol
1448,iobenguane (123I)
3282,hydroquinone
1461,iohexol
1457,diiodohydroxyquinoline
1813,minocycline
836,dexmethylphenidate
1863,nabumetone
